-- Portal-Stair Event, copyright 2012-2014 Chocochaos

-- Portal-Stair Event is free software: you can redistribute it and/or modify it under the terms of the GNU General Public License as published by the Free Software Foundation, version 3 of the License.
-- Portal-Stair Event is distributed in the hope that it will be useful, but WITHOUT ANY WARRANTY; without even the implied warranty of MERCHANTABILITY or FITNESS FOR A PARTICULAR PURPOSE.  See the GNU General Public License for more details.
-- You should have received a copy of the GNU General Public License along with Winter Veil Stair Event. If not, see <http://www.gnu.org/licenses/>.

-- Event made for and tested on Trinitycore 3.3.5.
-- This event adds 299 new gameobjects, 18 new gameobject templates, 17 smart scripts and 1 event.

-- Portal-Stair Event was originally created in 2012 by Chocochaos.



-- CONFIGURATION --
SET @startGameobjectGuid := 720000; -- Start guid to use in the gameobject table. Make sure the whole range, starting from this id, to this id + 299 is free in your gameobject table.

SET @eventId := 72; -- Id to use for the event. Make sure this id does not yet exist in game_event.
SET @eventDescription := 'Stair event with portal puzzle. DIFFICULTY: advanced, LENGTH: short.'; -- Description of the event. Might be announced in-game depending on your server configuration.

SET @sectorId := 72; -- Id to use for the sector. Make sure this id does not yet exist in sector_table_entry.
SET @sectorDescription := 'Portal-Stair Event'; -- Description of the sector.



-- DO NOT EDIT BELOW
REPLACE INTO `gameobject_template` (`entry`, `type`, `displayId`, `name`, `IconName`, `castBarCaption`, `unk1`, `faction`, `flags`, `size`, `questItem1`, `questItem2`, `questItem3`, `questItem4`, `questItem5`, `questItem6`, `data0`, `data1`, `data2`, `data3`, `data4`, `data5`, `data6`, `data7`, `data8`, `data9`, `data10`, `data11`, `data12`, `data13`, `data14`, `data15`, `data16`, `data17`, `data18`, `data19`, `data20`, `data21`, `data22`, `data23`, `AIName`, `ScriptName`, `VerifiedBuild`) VALUES
	(500094, 5, 6391, 'Ghost Gate (Small)', '', '', '', 0, 0, 1, 0, 0, 0, 0, 0, 0, 0, 0, 0, 0, 0, 0, 0, 0, 0, 0, 0, 0, 0, 0, 0, 0, 0, 0, 0, 0, 0, 0, 0, 0, '', '', 12340),
	(500098, 10, 8196, 'Click me!', '', '', '', 0, 0, 0.6, 0, 0, 0, 0, 0, 0, 0, 0, 0, 0, 0, 0, -1, 0, 0, 0, 0, 0, 0, 0, 0, 0, 0, 0, 0, 0, 0, 0, 0, 0, 'SmartGameObjectAI', '', 1),
	(500099, 10, 8275, 'Click me!', '', '', '', 0, 0, 0.6, 0, 0, 0, 0, 0, 0, 0, 0, 0, 0, 0, 0, -1, 0, 0, 0, 0, 0, 0, 0, 0, 0, 0, 0, 0, 0, 0, 0, 0, 0, 'SmartGameObjectAI', '', 1),
	(500100, 10, 8243, 'Click me!', '', '', '', 0, 0, 0.6, 0, 0, 0, 0, 0, 0, 0, 0, 0, 0, 0, 0, -1, 0, 0, 0, 0, 0, 0, 0, 0, 0, 0, 0, 0, 0, 0, 0, 0, 0, 'SmartGameObjectAI', '', 1),
	(500101, 10, 8275, 'Click me!', '', '', '', 0, 0, 0.6, 0, 0, 0, 0, 0, 0, 0, 0, 0, 0, 0, 0, -1, 0, 0, 0, 0, 0, 0, 0, 0, 0, 0, 0, 0, 0, 0, 0, 0, 0, 'SmartGameObjectAI', '', 1),
	(500102, 10, 8275, 'Click me!', '', '', '', 0, 0, 0.6, 0, 0, 0, 0, 0, 0, 0, 0, 0, 0, 0, 0, -1, 0, 0, 0, 0, 0, 0, 0, 0, 0, 0, 0, 0, 0, 0, 0, 0, 0, 'SmartGameObjectAI', '', 1),
	(500103, 10, 8243, 'Click me!', '', '', '', 0, 0, 0.6, 0, 0, 0, 0, 0, 0, 0, 0, 0, 0, 0, 0, -1, 0, 0, 0, 0, 0, 0, 0, 0, 0, 0, 0, 0, 0, 0, 0, 0, 0, 'SmartGameObjectAI', '', 1),
	(500104, 10, 8196, 'Click me!', '', '', '', 0, 0, 0.6, 0, 0, 0, 0, 0, 0, 0, 0, 0, 0, 0, 0, -1, 0, 0, 0, 0, 0, 0, 0, 0, 0, 0, 0, 0, 0, 0, 0, 0, 0, 'SmartGameObjectAI', '', 1),
	(500105, 10, 8196, 'Click me!', '', '', '', 0, 0, 0.6, 0, 0, 0, 0, 0, 0, 0, 0, 0, 0, 0, 0, -1, 0, 0, 0, 0, 0, 0, 0, 0, 0, 0, 0, 0, 0, 0, 0, 0, 0, 'SmartGameObjectAI', '', 1),
	(500106, 10, 8243, 'Click me!', '', '', '', 0, 0, 0.6, 0, 0, 0, 0, 0, 0, 0, 0, 0, 0, 0, 0, -1, 0, 0, 0, 0, 0, 0, 0, 0, 0, 0, 0, 0, 0, 0, 0, 0, 0, 'SmartGameObjectAI', '', 1),
	(500107, 10, 8275, 'Click me!', '', '', '', 0, 0, 0.6, 0, 0, 0, 0, 0, 0, 0, 0, 0, 0, 0, 0, -1, 0, 0, 0, 0, 0, 0, 0, 0, 0, 0, 0, 0, 0, 0, 0, 0, 0, 'SmartGameObjectAI', '', 1),
	(500108, 10, 8196, 'Click me!', '', '', '', 0, 0, 0.6, 0, 0, 0, 0, 0, 0, 0, 0, 0, 0, 0, 0, -1, 0, 0, 0, 0, 0, 0, 0, 0, 0, 0, 0, 0, 0, 0, 0, 0, 0, 'SmartGameObjectAI', '', 1),
	(500109, 10, 8243, 'Click me!', '', '', '', 0, 0, 0.6, 0, 0, 0, 0, 0, 0, 0, 0, 0, 0, 0, 0, -1, 0, 0, 0, 0, 0, 0, 0, 0, 0, 0, 0, 0, 0, 0, 0, 0, 0, 'SmartGameObjectAI', '', 1),
	(500110, 10, 8275, 'Click me!', '', '', '', 0, 0, 0.6, 0, 0, 0, 0, 0, 0, 0, 0, 0, 0, 0, 0, -1, 0, 0, 0, 0, 0, 0, 0, 0, 0, 0, 0, 0, 0, 0, 0, 0, 0, 'SmartGameObjectAI', '', 1),
	(500111, 10, 8275, 'Click me!', '', '', '', 0, 0, 0.6, 0, 0, 0, 0, 0, 0, 0, 0, 0, 0, 0, 0, -1, 0, 0, 0, 0, 0, 0, 0, 0, 0, 0, 0, 0, 0, 0, 0, 0, 0, 'SmartGameObjectAI', '', 1),
	(500112, 10, 8243, 'Click me!', '', '', '', 0, 0, 0.6, 0, 0, 0, 0, 0, 0, 0, 0, 0, 0, 0, 0, -1, 0, 0, 0, 0, 0, 0, 0, 0, 0, 0, 0, 0, 0, 0, 0, 0, 0, 'SmartGameObjectAI', '', 1),
	(500113, 10, 8196, 'Click me!', '', '', '', 0, 0, 0.6, 0, 0, 0, 0, 0, 0, 0, 0, 0, 0, 0, 0, -1, 0, 0, 0, 0, 0, 0, 0, 0, 0, 0, 0, 0, 0, 0, 0, 0, 0, 'SmartGameObjectAI', '', 1),
	(500114, 10, 8196, 'Click me!', '', '', '', 0, 0, 0.6, 0, 0, 0, 0, 0, 0, 0, 0, 0, 0, 0, 0, -1, 0, 0, 0, 0, 0, 0, 0, 0, 0, 0, 0, 0, 0, 0, 0, 0, 0, 'SmartGameObjectAI', '', 1);
    
REPLACE INTO `game_event` (`eventEntry`, `start_time`, `end_time`, `occurence`, `length`, `holiday`, `description`, `world_event`) VALUES
	(@eventId, '0000-00-00 00:00:00', '0000-00-00 00:00:00', 9999999, 2592000, 0, @eventDescription, 0);
    
REPLACE INTO `smart_scripts` (`entryorguid`, `source_type`, `id`, `link`, `event_type`, `event_phase_mask`, `event_chance`, `event_flags`, `event_param1`, `event_param2`, `event_param3`, `event_param4`, `action_type`, `action_param1`, `action_param2`, `action_param3`, `action_param4`, `action_param5`, `action_param6`, `target_type`, `target_param1`, `target_param2`, `target_param3`, `target_x`, `target_y`, `target_z`, `target_o`, `comment`) VALUES
	(500100, 1, 0, 0, 64, 0, 100, 0, 0, 0, 0, 0, 62, 1, 0, 0, 0, 0, 0, 7, 0, 0, 0, 7393.46, -1516.87, 250.431, 2.21754, 'Portal Event 89-Start - On click - Teleport'),
	(500101, 1, 0, 0, 64, 0, 100, 0, 0, 0, 0, 0, 62, 1, 0, 0, 0, 0, 0, 7, 0, 0, 0, 7399.31, -1508.82, 250.431, 1.03955, 'Portal Event 89-1 - On click - Teleport'),
	(500102, 1, 0, 0, 64, 0, 100, 0, 0, 0, 0, 0, 62, 1, 0, 0, 0, 0, 0, 7, 0, 0, 0, 7401.64, -1499.15, 250.431, 1.43267, 'Portal Event 89-2 - On click - Teleport'),
	(500103, 1, 0, 0, 64, 0, 100, 0, 0, 0, 0, 0, 62, 1, 0, 0, 0, 0, 0, 7, 0, 0, 0, 7400.09, -1489.32, 250.431, 1.82539, 'Portal Event 89-3 - On click - Teleport'),
	(500104, 1, 0, 0, 64, 0, 100, 0, 0, 0, 0, 0, 62, 1, 0, 0, 0, 0, 0, 7, 0, 0, 0, 7394.9, -1480.83, 250.431, 2.218, 'Portal Event 89-4 - On click - Teleport'),
	(500105, 1, 0, 0, 64, 0, 100, 0, 0, 0, 0, 0, 62, 1, 0, 0, 0, 0, 0, 7, 0, 0, 0, 7386.85, -1474.97, 250.431, 2.61072, 'Portal Event 89-5 - On click - Teleport'),
	(500106, 1, 0, 0, 64, 0, 100, 0, 0, 0, 0, 0, 62, 1, 0, 0, 0, 0, 0, 7, 0, 0, 0, 7377.18, -1472.64, 250.431, 3.00343, 'Portal Event 89-6 - On click - Teleport'),
	(500107, 1, 0, 0, 64, 0, 100, 0, 0, 0, 0, 0, 62, 1, 0, 0, 0, 0, 0, 7, 0, 0, 0, 7367.34, -1474.19, 250.431, 3.39614, 'Portal Event 89-7 - On click - Teleport'),
	(500099, 1, 0, 0, 64, 0, 100, 0, 0, 0, 0, 0, 62, 1, 0, 0, 0, 0, 0, 7, 0, 0, 0, 7358.86, -1479.38, 250.431, 2.21806, 'Portal Event 89-End - On click - Teleport'),
	(500098, 1, 0, 0, 64, 0, 100, 0, 0, 0, 0, 0, 62, 1, 0, 0, 0, 0, 0, 7, 0, 0, 0, 7358.86, -1479.38, 250.431, 2.21806, 'Portal Event 89-End - On click - Teleport'),
	(500108, 1, 0, 0, 64, 0, 100, 0, 0, 0, 0, 0, 62, 1, 0, 0, 0, 0, 0, 7, 0, 0, 0, 7353, -1487.43, 250.431, 1.03998, 'Portal Event 89-8 - On click - Teleport'),
	(500109, 1, 0, 0, 64, 0, 100, 0, 0, 0, 0, 0, 62, 1, 0, 0, 0, 0, 0, 7, 0, 0, 0, 7350.67, -1497.11, 250.431, 1.4326, 'Portal Event 89-9 - On click - Teleport'),
	(500110, 1, 0, 0, 64, 0, 100, 0, 0, 0, 0, 0, 62, 1, 0, 0, 0, 0, 0, 7, 0, 0, 0, 7352.22, -1506.94, 250.431, 1.82531, 'Portal Event 89-10 - On click - Teleport'),
	(500111, 1, 0, 0, 64, 0, 100, 0, 0, 0, 0, 0, 62, 1, 0, 0, 0, 0, 0, 7, 0, 0, 0, 7357.41, -1515.43, 250.431, 2.21803, 'Portal Event 89-11 - On click - Teleport'),
	(500112, 1, 0, 0, 64, 0, 100, 0, 0, 0, 0, 0, 62, 1, 0, 0, 0, 0, 0, 7, 0, 0, 0, 7365.46, -1521.28, 250.431, 2.61074, 'Portal Event 89-12 - On click - Teleport'),
	(500113, 1, 0, 0, 64, 0, 100, 0, 0, 0, 0, 0, 62, 1, 0, 0, 0, 0, 0, 7, 0, 0, 0, 7375.14, -1523.61, 250.431, 3.00346, 'Portal Event 89-13 - On click - Teleport'),
	(500114, 1, 0, 0, 64, 0, 100, 0, 0, 0, 0, 0, 62, 1, 0, 0, 0, 0, 0, 7, 0, 0, 0, 7384.97, -1522.06, 250.431, 3.39614, 'Portal Event 89-14 - On click - Teleport');
    
REPLACE INTO `gameobject` (`guid`, `id`, `map`, `spawnMask`, `phaseMask`, `position_x`, `position_y`, `position_z`, `orientation`, `rotation0`, `rotation1`, `rotation2`, `rotation3`, `spawntimesecs`, `animprogress`, `state`) VALUES
	((@startGameobjectGuid + 1), 500094, 1, 1, 1, 7399.34, -1483.85, 228.764, 4.05058, 0, 0, 0.898483, -0.439009, 300, 0, 1),
	((@startGameobjectGuid + 2), 500101, 1, 1, 1, 7382.07, -1522.82, 250.26, 3.39614, 0, 0, 0.991912, -0.126931, 300, 0, 1),
	((@startGameobjectGuid + 3), 500113, 1, 1, 1, 7385.73, -1524.96, 250.26, 4.96694, 0, 0, 0.611634, -0.791141, 300, 0, 1),
	((@startGameobjectGuid + 4), 500100, 1, 1, 1, 7384.21, -1519.16, 250.26, 4.96694, 0, 0, 0.611634, -0.791141, 300, 0, 1),
	((@startGameobjectGuid + 5), 500112, 1, 1, 1, 7375.55, -1520.64, 250.259, 4.57425, 0, 0, 0.754221, -0.656621, 300, 0, 1),
	((@startGameobjectGuid + 6), 500114, 1, 1, 1, 7374.73, -1526.58, 250.259, 4.57425, 0, 0, 0.754221, -0.656621, 300, 0, 1),
	((@startGameobjectGuid + 7), 500102, 1, 1, 1, 7372.17, -1523.2, 250.259, 3.00346, 0, 0, 0.997616, 0.0690134, 300, 0, 1),
	((@startGameobjectGuid + 8), 500111, 1, 1, 1, 7362.87, -1519.76, 250.259, 2.61074, 0, 0, 0.964981, 0.26232, 300, 0, 1),
	((@startGameobjectGuid + 9), 500113, 1, 1, 1, 7363.94, -1523.87, 250.259, 4.18154, 0, 0, 0.867833, -0.496856, 300, 0, 1),
	((@startGameobjectGuid + 10), 500103, 1, 1, 1, 7366.98, -1518.69, 250.259, 4.18154, 0, 0, 0.867833, -0.496856, 300, 0, 1),
	((@startGameobjectGuid + 11), 500112, 1, 1, 1, 7359.8, -1513.62, 250.259, 3.78882, 0, 0, 0.948092, -0.317995, 300, 0, 1),
	((@startGameobjectGuid + 12), 500104, 1, 1, 1, 7355.02, -1517.24, 250.259, 3.78882, 0, 0, 0.948092, -0.317995, 300, 0, 1),
	((@startGameobjectGuid + 13), 500110, 1, 1, 1, 7355.6, -1513.04, 250.259, 2.21802, 0, 0, 0.895259, 0.445546, 300, 0, 1),
	((@startGameobjectGuid + 14), 500111, 1, 1, 1, 7351.46, -1504.04, 250.26, 1.82531, 0, 0, 0.791132, 0.611646, 300, 0, 1),
	((@startGameobjectGuid + 15), 500105, 1, 1, 1, 7349.32, -1507.7, 250.26, 3.39611, 0, 0, 0.991913, -0.126916, 300, 0, 1),
	((@startGameobjectGuid + 16), 500109, 1, 1, 1, 7355.12, -1506.18, 250.26, 3.39611, 0, 0, 0.991913, -0.126916, 300, 0, 1),
	((@startGameobjectGuid + 17), 500106, 1, 1, 1, 7353.64, -1497.52, 250.259, 3.00339, 0, 0, 0.997613, 0.0690457, 300, 0, 1),
	((@startGameobjectGuid + 18), 500108, 1, 1, 1, 7347.7, -1496.7, 250.259, 3.00339, 0, 0, 0.997613, 0.0690457, 300, 0, 1),
	((@startGameobjectGuid + 19), 500110, 1, 1, 1, 7351.08, -1494.14, 250.259, 1.4326, 0, 0, 0.656597, 0.754242, 300, 0, 1),
	((@startGameobjectGuid + 20), 500107, 1, 1, 1, 7354.52, -1484.84, 250.259, 1.03998, 0, 0, 0.496873, 0.867823, 300, 0, 1),
	((@startGameobjectGuid + 21), 500098, 1, 1, 1, 7350.41, -1485.91, 250.259, 2.61078, 0, 0, 0.964986, 0.262301, 300, 0, 1),
	((@startGameobjectGuid + 22), 500109, 1, 1, 1, 7355.59, -1488.95, 250.259, 2.61078, 0, 0, 0.964986, 0.262301, 300, 0, 1),
	((@startGameobjectGuid + 23), 500108, 1, 1, 1, 7366.58, -1471.29, 250.259, 4.96694, 0, 0, 0.611632, -0.791142, 300, 0, 1),
	((@startGameobjectGuid + 24), 500106, 1, 1, 1, 7368.1, -1477.09, 250.259, 4.96694, 0, 0, 0.611632, -0.791142, 300, 0, 1),
	((@startGameobjectGuid + 25), 500099, 1, 1, 1, 7364.44, -1474.95, 250.259, 3.39615, 0, 0, 0.991911, -0.126933, 300, 0, 1),
	((@startGameobjectGuid + 26), 500107, 1, 1, 1, 7374.21, -1472.23, 250.259, 3.00343, 0, 0, 0.997615, 0.0690244, 300, 0, 1),
	((@startGameobjectGuid + 27), 500109, 1, 1, 1, 7376.77, -1475.61, 250.259, 4.57423, 0, 0, 0.754228, -0.656613, 300, 0, 1),
	((@startGameobjectGuid + 28), 500105, 1, 1, 1, 7377.59, -1469.67, 250.259, 4.57423, 0, 0, 0.754228, -0.656613, 300, 0, 1),
	((@startGameobjectGuid + 29), 500104, 1, 1, 1, 7388.37, -1472.38, 250.26, 4.18151, 0, 0, 0.867839, -0.496845, 300, 0, 1),
	((@startGameobjectGuid + 30), 500106, 1, 1, 1, 7385.33, -1477.56, 250.26, 4.18151, 0, 0, 0.867839, -0.496845, 300, 0, 1),
	((@startGameobjectGuid + 31), 500110, 1, 1, 1, 7384.26, -1473.45, 250.26, 2.61072, 0, 0, 0.964978, 0.262332, 300, 0, 1),
	((@startGameobjectGuid + 32), 500111, 1, 1, 1, 7393.09, -1478.44, 250.259, 2.218, 0, 0, 0.895253, 0.445557, 300, 0, 1),
	((@startGameobjectGuid + 33), 500103, 1, 1, 1, 7392.51, -1482.64, 250.259, 3.7888, 0, 0, 0.948096, -0.317983, 300, 0, 1),
	((@startGameobjectGuid + 34), 500105, 1, 1, 1, 7397.29, -1479.02, 250.259, 3.7888, 0, 0, 0.948096, -0.317983, 300, 0, 1),
	((@startGameobjectGuid + 35), 500113, 1, 1, 1, 7404.61, -1499.56, 250.26, 3.00347, 0, 0, 0.997616, 0.0690087, 300, 0, 1),
	((@startGameobjectGuid + 36), 500101, 1, 1, 1, 7402.05, -1496.18, 250.26, 1.43267, 0, 0, 0.656624, 0.754218, 300, 0, 1),
	((@startGameobjectGuid + 37), 500102, 1, 1, 1, 7399.33, -1486.42, 250.259, 1.82539, 0, 0, 0.791154, 0.611617, 300, 0, 1),
	((@startGameobjectGuid + 38), 500112, 1, 1, 1, 7397.19, -1490.08, 250.259, 3.39618, 0, 0, 0.991909, -0.126952, 300, 0, 1),
	((@startGameobjectGuid + 39), 500104, 1, 1, 1, 7402.99, -1488.56, 250.259, 3.39618, 0, 0, 0.991909, -0.126952, 300, 0, 1),
	((@startGameobjectGuid + 40), 500103, 1, 1, 1, 7398.67, -1498.74, 250.259, 3.00347, 0, 0, 0.997616, 0.0690087, 300, 0, 1),
	((@startGameobjectGuid + 41), 500102, 1, 1, 1, 7400.83, -1506.23, 250.259, 1.03955, 0, 0, 0.496687, 0.86793, 300, 0, 1),
	((@startGameobjectGuid + 42), 500114, 1, 1, 1, 7401.9, -1510.34, 250.259, 2.61035, 0, 0, 0.96493, 0.262508, 300, 0, 1),
	((@startGameobjectGuid + 43), 500100, 1, 1, 1, 7396.72, -1507.3, 250.259, 2.61035, 0, 0, 0.96493, 0.262508, 300, 0, 1),
	((@startGameobjectGuid + 44), 500114, 1, 1, 1, 7395.85, -1515.06, 250.259, 3.78834, 0, 0, 0.948169, -0.317766, 300, 0, 1),
	((@startGameobjectGuid + 45), 500101, 1, 1, 1, 7391.07, -1518.68, 250.259, 3.78834, 0, 0, 0.948169, -0.317766, 300, 0, 1),
	((@startGameobjectGuid + 46), 187572, 1, 1, 1, 7433.73, -1564.71, 185.037, 2.00493, 0, 0, 0.842801, 0.538225, 300, 0, 1),
	((@startGameobjectGuid + 47), 187572, 1, 1, 1, 7435.21, -1568.15, 182.553, 1.8989, 0, 0, 0.813097, 0.582129, 300, 0, 1),
	((@startGameobjectGuid + 48), 187572, 1, 1, 1, 7435.89, -1572.29, 179.38, 1.74968, 0, 0, 0.76744, 0.64112, 300, 0, 1),
	((@startGameobjectGuid + 49), 187572, 1, 1, 1, 7436.2, -1576.37, 178.115, 1.28629, 0, 0, 0.599717, 0.800213, 300, 0, 1),
	((@startGameobjectGuid + 50), 187572, 1, 1, 1, 7434.8, -1580.7, 177.533, 1.17634, 0, 0, 0.554839, 0.831958, 300, 0, 1),
	((@startGameobjectGuid + 51), 187572, 1, 1, 1, 7433.28, -1584.86, 177.108, 0.44199, 0, 0, 0.219201, 0.97568, 300, 0, 1),
	((@startGameobjectGuid + 52), 187572, 1, 1, 1, 7428.56, -1587.14, 177.143, 0.712953, 0, 0, 0.348974, 0.937132, 300, 0, 1),
	((@startGameobjectGuid + 53), 187572, 1, 1, 1, 7424.93, -1590.28, 176.735, 0.67761, 0, 0, 0.33236, 0.943153, 300, 0, 1),
	((@startGameobjectGuid + 54), 187572, 1, 1, 1, 7421.12, -1593.37, 176.022, 0.854325, 0, 0, 0.41429, 0.910145, 300, 0, 1),
	((@startGameobjectGuid + 55), 187572, 1, 1, 1, 7418.36, -1596.54, 175.716, 0.846471, 0, 0, 0.410712, 0.911765, 300, 0, 1),
	((@startGameobjectGuid + 56), 187572, 1, 1, 1, 7415.59, -1600.16, 175.558, 0.995696, 0, 0, 0.477536, 0.878612, 300, 0, 1),
	((@startGameobjectGuid + 57), 187572, 1, 1, 1, 7413.03, -1604.29, 175.937, 1.13314, 0, 0, 0.536742, 0.843747, 300, 0, 1),
	((@startGameobjectGuid + 58), 187572, 1, 1, 1, 7410.76, -1609.25, 176.957, 1.25488, 0, 0, 0.587073, 0.809534, 300, 0, 1),
	((@startGameobjectGuid + 59), 187572, 1, 1, 1, 7409.33, -1614.04, 178.562, 1.28237, 0, 0, 0.598144, 0.801389, 300, 0, 1),
	((@startGameobjectGuid + 60), 187572, 1, 1, 1, 7408.13, -1619.12, 180.483, 1.31771, 0, 0, 0.612212, 0.790694, 300, 0, 1),
	((@startGameobjectGuid + 61), 187572, 1, 1, 1, 7406.98, -1624.24, 182.298, 1.47872, 0, 0, 0.673814, 0.738901, 300, 0, 1),
	((@startGameobjectGuid + 62), 187572, 1, 1, 1, 7406.45, -1629.3, 184.294, 1.44337, 0, 0, 0.660652, 0.750692, 300, 0, 1),
	((@startGameobjectGuid + 63), 187572, 1, 1, 1, 7405.76, -1634.32, 186.281, 1.50228, 0, 0, 0.682472, 0.730912, 300, 0, 1),
	((@startGameobjectGuid + 64), 187572, 1, 1, 1, 7405.24, -1638.84, 188.08, 1.57735, 0, 0, 0.709418, 0.704787, 300, 0, 1),
	((@startGameobjectGuid + 65), 187572, 1, 1, 1, 7405.27, -1643.57, 190.157, 1.57735, 0, 0, 0.709418, 0.704787, 300, 0, 1),
	((@startGameobjectGuid + 66), 187572, 1, 1, 1, 7405.3, -1648.23, 192.26, 1.57735, 0, 0, 0.709418, 0.704787, 300, 0, 1),
	((@startGameobjectGuid + 67), 187572, 1, 1, 1, 7405.34, -1653.13, 194.331, 1.57735, 0, 0, 0.709418, 0.704787, 300, 0, 1),
	((@startGameobjectGuid + 68), 187572, 1, 1, 1, 7404.96, -1657.38, 195.241, 1.39199, 0, 0, 0.64115, 0.767416, 300, 0, 1),
	((@startGameobjectGuid + 69), 193632, 1, 1, 1, 7431.5, -1560.91, 186.032, 6.15307, 0, 0, 0.0650139, -0.997884, 300, 0, 1),
	((@startGameobjectGuid + 70), 193632, 1, 1, 1, 7437.23, -1556.42, 185.588, 1.02755, 0, 0, 0.49147, 0.870894, 300, 0, 1),
	((@startGameobjectGuid + 71), 190872, 1, 1, 1, 7393.97, -1453.61, 269.082, 6.08945, 0, 0, 0.0967153, -0.995312, 300, 0, 1),
	((@startGameobjectGuid + 72), 190872, 1, 1, 1, 7393.12, -1453.1, 267.582, 5.74039, 0, 0, 0.26808, -0.963397, 300, 0, 1),
	((@startGameobjectGuid + 73), 190872, 1, 1, 1, 7392.14, -1452.9, 266.082, 6.08945, 0, 0, 0.0967153, -0.995312, 300, 0, 1),
	((@startGameobjectGuid + 74), 190872, 1, 1, 1, 7391.28, -1452.39, 264.582, 5.74039, 0, 0, 0.26808, -0.963397, 300, 0, 1),
	((@startGameobjectGuid + 75), 190872, 1, 1, 1, 7390.3, -1452.19, 263.082, 6.08945, 0, 0, 0.0967153, -0.995312, 300, 0, 1),
	((@startGameobjectGuid + 76), 190872, 1, 1, 1, 7389.44, -1451.68, 261.582, 5.74039, 0, 0, 0.26808, -0.963397, 300, 0, 1),
	((@startGameobjectGuid + 77), 190872, 1, 1, 1, 7388.59, -1451.16, 261.382, 5.74039, 0, 0, 0.26808, -0.963397, 300, 0, 1),
	((@startGameobjectGuid + 78), 193632, 1, 1, 1, 7423.38, -1436.81, 266.387, 6.03249, 0, 0, 0.12502, -0.992154, 300, 0, 1),
	((@startGameobjectGuid + 79), 193632, 1, 1, 1, 7432.34, -1445.33, 266.387, 4.60856, 0, 0, 0.742845, -0.669463, 300, 0, 1),
	((@startGameobjectGuid + 80), 191790, 1, 1, 1, 7432.47, -1428.31, 268.922, 5.50785, 0, 0, 0.37803, -0.925793, 300, 0, 1),
	((@startGameobjectGuid + 81), 191790, 1, 1, 1, 7440.13, -1435.43, 268.922, 2.33091, 0, 0, 0.918969, 0.394331, 300, 0, 1),
	((@startGameobjectGuid + 82), 188481, 1, 1, 1, 7436.68, -1431.7, 268.922, 3.94098, 0, 0, 0.92118, -0.389138, 300, 0, 1),
	((@startGameobjectGuid + 83), 186278, 1, 1, 1, 7411.87, -1461.87, 267.23, 0.85829, 0, 0, 0.416093, 0.909322, 300, 0, 1),
	((@startGameobjectGuid + 84), 192579, 1, 1, 1, 7432.45, -1436.19, 264.868, 0.842581, 0, 0, 0.408938, 0.912562, 300, 0, 1),
	((@startGameobjectGuid + 85), 191091, 1, 1, 1, 7424.73, -1445.38, 268.489, 0.901486, 0, 0, 0.435634, 0.900124, 300, 0, 1),
	((@startGameobjectGuid + 86), 191091, 1, 1, 1, 7421.01, -1450.08, 267.489, 0.901486, 0, 0, 0.435634, 0.900124, 300, 0, 1),
	((@startGameobjectGuid + 87), 191091, 1, 1, 1, 7417.28, -1454.79, 266.489, 0.901486, 0, 0, 0.435634, 0.900124, 300, 0, 1),
	((@startGameobjectGuid + 88), 186278, 1, 1, 1, 7407.36, -1467.34, 266.089, 5.62173, 0, 0, 0.324731, -0.945806, 300, 0, 1),
	((@startGameobjectGuid + 89), 186278, 1, 1, 1, 7399.47, -1461.19, 265.889, 5.62173, 0, 0, 0.324731, -0.945806, 300, 0, 1),
	((@startGameobjectGuid + 90), 500094, 1, 1, 1, 7403.62, -1511.35, 248.349, -104.203, 0, 0, -0.964981, -0.262319, 300, 0, 1),
	((@startGameobjectGuid + 91), 186278, 1, 1, 1, 7387.61, -1450.78, 260.239, -0.463345, 0, 0, -0.229606, 0.973284, 300, 0, 1),
	((@startGameobjectGuid + 92), 177724, 1, 1, 1, 7382.24, -1448.1, 259.239, -0.463345, 0, 0, -0.229606, 0.973284, 300, 0, 1),
	((@startGameobjectGuid + 93), 177724, 1, 1, 1, 7376.87, -1445.42, 258.239, -0.463345, 0, 0, -0.229606, 0.973284, 300, 0, 1),
	((@startGameobjectGuid + 94), 177724, 1, 1, 1, 7371.51, -1442.74, 257.239, -0.463345, 0, 0, -0.229606, 0.973284, 300, 0, 1),
	((@startGameobjectGuid + 95), 177724, 1, 1, 1, 7366.14, -1440.05, 256.239, -0.463345, 0, 0, -0.229606, 0.973284, 300, 0, 1),
	((@startGameobjectGuid + 96), 177724, 1, 1, 1, 7361.17, -1439.48, 255.239, -0.114279, 0, 0, -0.0571086, 0.998368, 300, 0, 1),
	((@startGameobjectGuid + 97), 177724, 1, 1, 1, 7356.31, -1440.65, 254.239, 0.234786, 0, 0, 0.117124, 0.993117, 300, 0, 1),
	((@startGameobjectGuid + 98), 177724, 1, 1, 1, 7352.14, -1443.4, 253.239, 0.583852, 0, 0, 0.287797, 0.957691, 300, 0, 1),
	((@startGameobjectGuid + 99), 177724, 1, 1, 1, 7349.16, -1447.42, 252.239, 0.932918, 0, 0, 0.449726, 0.893166, 300, 0, 1),
	((@startGameobjectGuid + 100), 177724, 1, 1, 1, 7347.74, -1452.21, 251.239, 1.28198, 0, 0, 0.597991, 0.801503, 300, 0, 1),
	((@startGameobjectGuid + 101), 177724, 1, 1, 1, 7346.31, -1457.01, 250.239, 1.28198, 0, 0, 0.597991, 0.801503, 300, 0, 1),
	((@startGameobjectGuid + 102), 177724, 1, 1, 1, 7345.17, -1460.84, 249.239, 1.28198, 0, 0, 0.597991, 0.801503, 300, 0, 1),
	((@startGameobjectGuid + 103), 177724, 1, 1, 1, 7344.27, -1463.87, 247.247, 1.42335, 0, 0, 0.653105, 0.757268, 300, 0, 1),
	((@startGameobjectGuid + 104), 202924, 1, 1, 1, 7344.68, -1468.96, 246.16, 2.4208, 0, 0, 0.935758, 0.352644, 300, 0, 1),
	((@startGameobjectGuid + 105), 202924, 1, 1, 1, 7345.16, -1469.83, 246.16, 2.07174, 0, 0, 0.860305, 0.509779, 300, 0, 1),
	((@startGameobjectGuid + 106), 202924, 1, 1, 1, 7345.31, -1470.82, 246.16, 1.72267, 0, 0, 0.758713, 0.651425, 300, 0, 1),
	((@startGameobjectGuid + 107), 202924, 1, 1, 1, 7345.12, -1471.8, 246.16, 1.37361, 0, 0, 0.634068, 0.773277, 300, 0, 1),
	((@startGameobjectGuid + 108), 202924, 1, 1, 1, 7344.86, -1472.77, 244.41, 1.31121, 0, 0, 0.609639, 0.792679, 300, 0, 1),
	((@startGameobjectGuid + 109), 202924, 1, 1, 1, 7344.95, -1473.76, 244.41, 1.66028, 0, 0, 0.738024, 0.674774, 300, 0, 1),
	((@startGameobjectGuid + 110), 202924, 1, 1, 1, 7345.37, -1474.67, 244.41, 2.00934, 0, 0, 0.843985, 0.536366, 300, 0, 1),
	((@startGameobjectGuid + 111), 202924, 1, 1, 1, 7346.08, -1475.38, 244.41, 2.35841, 0, 0, 0.924302, 0.381661, 300, 0, 1),
	((@startGameobjectGuid + 112), 202924, 1, 1, 1, 7346.99, -1475.8, 244.41, 2.70747, 0, 0, 0.976535, 0.215359, 300, 0, 1),
	((@startGameobjectGuid + 113), 202924, 1, 1, 1, 7347.99, -1475.88, 244.41, 3.05654, 0, 0, 0.999096, 0.0425139, 300, 0, 1),
	((@startGameobjectGuid + 114), 202924, 1, 1, 1, 7348.95, -1475.62, 244.41, 3.40561, 0, 0, 0.9913, -0.131623, 300, 0, 1),
	((@startGameobjectGuid + 115), 202924, 1, 1, 1, 7348.95, -1475.62, 244.41, 3.40561, 0, 0, 0.9913, -0.131623, 300, 0, 1),
	((@startGameobjectGuid + 116), 202924, 1, 1, 1, 7349.77, -1475.04, 244.41, 3.75467, 0, 0, 0.953384, -0.301761, 300, 0, 1),
	((@startGameobjectGuid + 117), 202924, 1, 1, 1, 7350.38, -1474.79, 246.557, 4.34546, 0, 0, 0.824244, -0.566235, 300, 0, 1),
	((@startGameobjectGuid + 118), 202924, 1, 1, 1, 7351.03, -1474.04, 246.557, 3.99639, 0, 0, 0.910047, -0.414504, 300, 0, 1),
	((@startGameobjectGuid + 119), 202924, 1, 1, 1, 7351.91, -1473.55, 246.557, 3.64732, 0, 0, 0.9682, -0.250179, 300, 0, 1),
	((@startGameobjectGuid + 120), 202924, 1, 1, 1, 7352.89, -1473.4, 246.557, 3.29826, 0, 0, 0.996934, -0.0782524, 300, 0, 1),
	((@startGameobjectGuid + 121), 202924, 1, 1, 1, 7353.88, -1473.59, 246.557, 2.94919, 0, 0, 0.995376, 0.0960521, 300, 0, 1),
	((@startGameobjectGuid + 122), 202924, 1, 1, 1, 7354.73, -1474.11, 246.557, 2.60013, 0, 0, 0.963575, 0.267438, 300, 0, 1),
	((@startGameobjectGuid + 123), 202924, 1, 1, 1, 7355.36, -1474.88, 246.557, 2.25106, 0, 0, 0.902496, 0.430698, 300, 0, 1),
	((@startGameobjectGuid + 124), 202924, 1, 1, 1, 7355.99, -1475.66, 246.557, 2.25106, 0, 0, 0.902496, 0.430698, 300, 0, 1),
	((@startGameobjectGuid + 125), 202924, 1, 1, 1, 7356.62, -1476.44, 246.557, 2.25106, 0, 0, 0.902496, 0.430698, 300, 0, 1),
	((@startGameobjectGuid + 126), 202924, 1, 1, 1, 7357.25, -1477.21, 246.557, 2.25106, 0, 0, 0.902496, 0.430698, 300, 0, 1),
	((@startGameobjectGuid + 127), 202924, 1, 1, 1, 7356.62, -1476.44, 246.557, 2.25106, 0, 0, 0.902496, 0.430698, 300, 0, 1),
	((@startGameobjectGuid + 128), 180404, 1, 1, 1, 7398.37, -1523.26, 252.34, 3.76005, 0, 0, 0.952569, -0.304322, 300, 0, 1),
	((@startGameobjectGuid + 129), 180404, 1, 1, 1, 7403.18, -1519.6, 251.341, 3.83073, 0, 0, 0.941221, -0.337791, 300, 0, 1),
	((@startGameobjectGuid + 130), 180404, 1, 1, 1, 7407.95, -1516.03, 250.341, 3.67758, 0, 0, 0.964304, -0.264797, 300, 0, 1),
	((@startGameobjectGuid + 131), 180404, 1, 1, 1, 7412.59, -1512.29, 249.341, 5.58609, 0, 0, 0.341532, -0.93987, 300, 0, 1),
	((@startGameobjectGuid + 132), 180404, 1, 1, 1, 7416.97, -1507.96, 249.34, 3.74434, 0, 0, 0.95493, -0.296832, 300, 0, 1),
	((@startGameobjectGuid + 133), 180404, 1, 1, 1, 7421.69, -1504.45, 249.339, 3.68936, 0, 0, 0.962728, -0.270473, 300, 0, 1),
	((@startGameobjectGuid + 134), 180404, 1, 1, 1, 7426.47, -1500.81, 249.339, 3.75612, 0, 0, 0.953165, -0.302451, 300, 0, 1),
	((@startGameobjectGuid + 135), 180404, 1, 1, 1, 7431.35, -1497.15, 249.338, 3.76005, 0, 0, 0.952569, -0.304322, 300, 0, 1),
	((@startGameobjectGuid + 136), 180404, 1, 1, 1, 7435.12, -1494.09, 249.341, 0.0254712, 0, 0, 0.0127353, 0.999919, 300, 0, 1),
	((@startGameobjectGuid + 137), 184383, 1, 1, 1, 7393.46, -1516.87, 249.431, -109.309, 0, 0, 0.94809, -0.318001, 300, 0, 1),
	((@startGameobjectGuid + 138), 500094, 1, 1, 1, 7396.78, -1513.13, 249.431, -105.971, 0, 0, -0.4094, -0.912355, 300, 0, 1),
	((@startGameobjectGuid + 139), 184383, 1, 1, 1, 7399.31, -1508.82, 249.431, -102.633, 0, 0, -0.867833, 0.496856, 300, 0, 1),
	((@startGameobjectGuid + 140), 500094, 1, 1, 1, 7400.95, -1504.1, 249.431, -99.2947, 0, 0, 0.579526, 0.814954, 300, 0, 1),
	((@startGameobjectGuid + 141), 184383, 1, 1, 1, 7401.64, -1499.15, 249.431, -95.9567, 0, 0, 0.754228, -0.656613, 300, 0, 1),
	((@startGameobjectGuid + 142), 500094, 1, 1, 1, 7401.35, -1494.15, 249.431, -92.6188, 0, 0, -0.727379, -0.686236, 300, 0, 1),
	((@startGameobjectGuid + 143), 184383, 1, 1, 1, 7400.09, -1489.32, 249.431, -89.2808, 0, 0, -0.611635, 0.79114, 300, 0, 1),
	((@startGameobjectGuid + 144), 500094, 1, 1, 1, 7397.91, -1484.82, 249.431, -85.9429, 0, 0, 0.847282, 0.531144, 300, 0, 1),
	((@startGameobjectGuid + 145), 184383, 1, 1, 1, 7394.9, -1480.83, 249.431, -82.605, 0, 0, 0.445541, -0.895262, 300, 0, 1),
	((@startGameobjectGuid + 146), 500094, 1, 1, 1, 7391.16, -1477.5, 249.431, -79.267, 0, 0, -0.934622, -0.355643, 300, 0, 1),
	((@startGameobjectGuid + 147), 184383, 1, 1, 1, 7386.85, -1474.97, 249.431, -75.9291, 0, 0, -0.262321, 0.964981, 300, 0, 1),
	((@startGameobjectGuid + 148), 500094, 1, 1, 1, 7382.13, -1473.33, 249.431, -72.5911, 0, 0, 0.986046, 0.166472, 300, 0, 1),
	((@startGameobjectGuid + 149), 184383, 1, 1, 1, 7377.18, -1472.64, 249.431, -69.2532, 0, 0, 0.0690242, -0.997615, 300, 0, 1),
	((@startGameobjectGuid + 150), 500094, 1, 1, 1, 7372.18, -1472.93, 249.431, -65.9153, 0, 0, -0.999577, 0.0290924, 300, 0, 1),
	((@startGameobjectGuid + 151), 184383, 1, 1, 1, 7367.34, -1474.19, 249.431, -62.5773, 0, 0, 0.126929, 0.991912, 300, 0, 1),
	((@startGameobjectGuid + 152), 500094, 1, 1, 1, 7362.84, -1476.37, 249.431, -59.2394, 0, 0, 0.974694, -0.223541, 300, 0, 1),
	((@startGameobjectGuid + 153), 184383, 1, 1, 1, 7358.86, -1479.38, 249.431, -55.9014, 0, 0, -0.318002, -0.94809, 300, 0, 1),
	((@startGameobjectGuid + 154), 500094, 1, 1, 1, 7355.53, -1483.12, 249.431, -52.5635, 0, 0, -0.912355, 0.409399, 300, 0, 1),
	((@startGameobjectGuid + 155), 184383, 1, 1, 1, 7353, -1487.43, 249.431, -49.2255, 0, 0, 0.496855, 0.867833, 300, 0, 1),
	((@startGameobjectGuid + 156), 500094, 1, 1, 1, 7351.36, -1492.15, 249.431, -45.8876, 0, 0, 0.814955, -0.579524, 300, 0, 1),
	((@startGameobjectGuid + 157), 184383, 1, 1, 1, 7350.67, -1497.11, 249.431, -42.5497, 0, 0, -0.656614, -0.754227, 300, 0, 1),
	((@startGameobjectGuid + 158), 500094, 1, 1, 1, 7350.96, -1502.1, 249.431, -39.2117, 0, 0, -0.686236, 0.727379, 300, 0, 1),
	((@startGameobjectGuid + 159), 184383, 1, 1, 1, 7352.22, -1506.94, 249.431, -35.8738, 0, 0, 0.79114, 0.611636, 300, 0, 1),
	((@startGameobjectGuid + 160), 500094, 1, 1, 1, 7354.4, -1511.44, 249.431, -32.5358, 0, 0, 0.531146, -0.84728, 300, 0, 1),
	((@startGameobjectGuid + 161), 184383, 1, 1, 1, 7357.41, -1515.43, 249.431, -29.1979, 0, 0, -0.895262, -0.445539, 300, 0, 1),
	((@startGameobjectGuid + 162), 500094, 1, 1, 1, 7361.15, -1518.75, 249.431, -25.8599, 0, 0, -0.355643, 0.934622, 300, 0, 1),
	((@startGameobjectGuid + 163), 184383, 1, 1, 1, 7365.46, -1521.28, 249.431, -22.522, 0, 0, 0.96498, 0.262322, 300, 0, 1),
	((@startGameobjectGuid + 164), 500094, 1, 1, 1, 7370.18, -1522.92, 249.431, -19.1841, 0, 0, 0.166474, -0.986046, 300, 0, 1),
	((@startGameobjectGuid + 165), 184383, 1, 1, 1, 7375.14, -1523.61, 249.431, -15.8461, 0, 0, -0.997615, -0.0690229, 300, 0, 1),
	((@startGameobjectGuid + 166), 500094, 1, 1, 1, 7380.13, -1523.32, 249.431, -12.5082, 0, 0, 0.0290928, 0.999577, 300, 0, 1),
	((@startGameobjectGuid + 167), 184383, 1, 1, 1, 7384.97, -1522.06, 249.431, -9.17023, 0, 0, 0.991912, -0.126928, 300, 0, 1),
	((@startGameobjectGuid + 168), 500094, 1, 1, 1, 7389.47, -1519.88, 249.431, -5.83229, 0, 0, -0.223542, -0.974694, 300, 0, 1),
	((@startGameobjectGuid + 169), 192558, 1, 1, 1, 7401.79, -1475.99, 214.754, 5.92117, 0, 0, 0.180019, -0.983663, 300, 0, 1),
	((@startGameobjectGuid + 170), 193147, 1, 1, 1, 7398.28, -1523.25, 250.488, -2.49435, 0, 0, -0.94809, 0.318003, 300, 0, 1),
	((@startGameobjectGuid + 171), 193147, 1, 1, 1, 7403.07, -1519.64, 249.488, -2.49435, 0, 0, -0.94809, 0.318003, 300, 0, 1),
	((@startGameobjectGuid + 172), 193147, 1, 1, 1, 7407.86, -1516.02, 248.488, -2.49435, 0, 0, -0.94809, 0.318003, 300, 0, 1),
	((@startGameobjectGuid + 173), 193147, 1, 1, 1, 7412.64, -1512.4, 247.488, -2.49435, 0, 0, -0.94809, 0.318003, 300, 0, 1),
	((@startGameobjectGuid + 174), 193147, 1, 1, 1, 7416.83, -1507.98, 247.488, -2.49435, 0, 0, -0.94809, 0.318003, 300, 0, 1),
	((@startGameobjectGuid + 175), 193147, 1, 1, 1, 7421.61, -1504.37, 247.488, -2.49435, 0, 0, -0.94809, 0.318003, 300, 0, 1),
	((@startGameobjectGuid + 176), 193147, 1, 1, 1, 7426.4, -1500.75, 247.488, -2.49435, 0, 0, -0.94809, 0.318003, 300, 0, 1),
	((@startGameobjectGuid + 177), 193147, 1, 1, 1, 7431.19, -1497.13, 247.488, -2.49435, 0, 0, -0.94809, 0.318003, 300, 0, 1),
	((@startGameobjectGuid + 178), 193147, 1, 1, 1, 7435.18, -1494.12, 247.488, -2.49435, 0, 0, -0.94809, 0.318003, 300, 0, 1),
	((@startGameobjectGuid + 179), 190872, 1, 1, 1, 7439.16, -1491.1, 247.488, -2.49435, 0, 0, -0.94809, 0.318003, 300, 0, 1),
	((@startGameobjectGuid + 180), 190872, 1, 1, 1, 7439.78, -1490.31, 246.488, -2.23255, 0, 0, -0.898471, 0.439033, 300, 0, 1),
	((@startGameobjectGuid + 181), 190872, 1, 1, 1, 7440.17, -1489.39, 245.488, -1.97075, 0, 0, -0.833479, 0.552551, 300, 0, 1),
	((@startGameobjectGuid + 182), 190872, 1, 1, 1, 7440.31, -1488.4, 244.488, -1.70895, 0, 0, -0.754226, 0.656615, 300, 0, 1),
	((@startGameobjectGuid + 183), 190872, 1, 1, 1, 7440.18, -1487.41, 243.488, -1.44715, 0, 0, -0.662068, 0.749444, 300, 0, 1),
	((@startGameobjectGuid + 184), 190872, 1, 1, 1, 7439.81, -1486.48, 242.488, -1.18535, 0, 0, -0.558582, 0.829449, 300, 0, 1),
	((@startGameobjectGuid + 185), 190872, 1, 1, 1, 7439.2, -1485.68, 241.488, -0.923552, 0, 0, -0.445539, 0.895263, 300, 0, 1),
	((@startGameobjectGuid + 186), 190872, 1, 1, 1, 7438.41, -1485.07, 240.488, -0.661752, 0, 0, -0.324872, 0.945758, 300, 0, 1),
	((@startGameobjectGuid + 187), 190872, 1, 1, 1, 7437.49, -1484.68, 239.488, -0.399953, 0, 0, -0.198646, 0.980071, 300, 0, 1),
	((@startGameobjectGuid + 188), 190872, 1, 1, 1, 7436.5, -1484.54, 238.488, -0.138153, 0, 0, -0.0690218, 0.997615, 300, 0, 1),
	((@startGameobjectGuid + 189), 190872, 1, 1, 1, 7435.51, -1484.67, 237.488, 0.123646, 0, 0, 0.0617836, 0.99809, 300, 0, 1),
	((@startGameobjectGuid + 190), 190872, 1, 1, 1, 7434.58, -1485.04, 236.488, 0.385445, 0, 0, 0.191532, 0.981486, 300, 0, 1),
	((@startGameobjectGuid + 191), 190872, 1, 1, 1, 7433.79, -1485.64, 235.488, 0.647245, 0, 0, 0.318003, 0.94809, 300, 0, 1),
	((@startGameobjectGuid + 192), 190872, 1, 1, 1, 7433.17, -1486.43, 234.488, 0.909044, 0, 0, 0.439033, 0.898471, 300, 0, 1),
	((@startGameobjectGuid + 193), 190872, 1, 1, 1, 7432.78, -1487.35, 233.488, 1.17084, 0, 0, 0.552551, 0.833479, 300, 0, 1),
	((@startGameobjectGuid + 194), 190872, 1, 1, 1, 7432.64, -1488.35, 232.488, 1.43264, 0, 0, 0.656615, 0.754226, 300, 0, 1),
	((@startGameobjectGuid + 195), 190872, 1, 1, 1, 7432.77, -1489.34, 231.488, 1.69444, 0, 0, 0.749444, 0.662068, 300, 0, 1),
	((@startGameobjectGuid + 196), 190872, 1, 1, 1, 7433.14, -1490.26, 230.488, 1.95624, 0, 0, 0.829449, 0.558582, 300, 0, 1),
	((@startGameobjectGuid + 197), 190872, 1, 1, 1, 7433.75, -1491.06, 229.488, 2.21804, 0, 0, 0.895263, 0.445539, 300, 0, 1),
	((@startGameobjectGuid + 198), 190872, 1, 1, 1, 7434.54, -1491.68, 228.488, 2.47984, 0, 0, 0.945758, 0.324872, 300, 0, 1),
	((@startGameobjectGuid + 199), 190872, 1, 1, 1, 7435.46, -1492.07, 227.488, 2.74164, 0, 0, 0.980071, 0.198646, 300, 0, 1),
	((@startGameobjectGuid + 200), 190872, 1, 1, 1, 7436.45, -1492.2, 226.488, 3.00344, 0, 0, 0.997615, 0.0690218, 300, 0, 1),
	((@startGameobjectGuid + 201), 190872, 1, 1, 1, 7437.44, -1492.08, 225.488, 3.26524, 0, 0, 0.99809, -0.0617837, 300, 0, 1),
	((@startGameobjectGuid + 202), 190872, 1, 1, 1, 7438.37, -1491.7, 224.488, 3.52704, 0, 0, 0.981486, -0.191532, 300, 0, 1),
	((@startGameobjectGuid + 203), 190872, 1, 1, 1, 7439.16, -1491.1, 223.488, 3.78884, 0, 0, 0.94809, -0.318003, 300, 0, 1),
	((@startGameobjectGuid + 204), 190872, 1, 1, 1, 7439.78, -1490.31, 222.488, 4.05064, 0, 0, 0.898471, -0.439033, 300, 0, 1),
	((@startGameobjectGuid + 205), 190872, 1, 1, 1, 7440.17, -1489.39, 221.488, 4.31244, 0, 0, 0.833479, -0.552551, 300, 0, 1),
	((@startGameobjectGuid + 206), 190872, 1, 1, 1, 7440.31, -1488.4, 220.488, 4.57424, 0, 0, 0.754226, -0.656615, 300, 0, 1),
	((@startGameobjectGuid + 207), 190872, 1, 1, 1, 7440.18, -1487.41, 219.488, 4.83603, 0, 0, 0.662068, -0.749443, 300, 0, 1),
	((@startGameobjectGuid + 208), 22249, 1, 1, 1, 7439.89, -1483.76, 218.887, 0.017602, 0, 0, 0.00880089, 0.999961, 300, 0, 1),
	((@startGameobjectGuid + 209), 22249, 1, 1, 1, 7435.89, -1483.83, 218.887, 0.017602, 0, 0, 0.00880089, 0.999961, 300, 0, 1),
	((@startGameobjectGuid + 210), 22249, 1, 1, 1, 7431.89, -1483.9, 218.887, 0.017602, 0, 0, 0.00880089, 0.999961, 300, 0, 1),
	((@startGameobjectGuid + 211), 22249, 1, 1, 1, 7427.89, -1483.97, 218.887, 0.017602, 0, 0, 0.00880089, 0.999961, 300, 0, 1),
	((@startGameobjectGuid + 212), 22249, 1, 1, 1, 7423.9, -1484.04, 218.887, 0.017602, 0, 0, 0.00880089, 0.999961, 300, 0, 1),
	((@startGameobjectGuid + 213), 192558, 1, 1, 1, 7420.37, -1483.85, 216.068, 5.18946, 0, 0, 0.520012, -0.854159, 300, 0, 1),
	((@startGameobjectGuid + 214), 192558, 1, 1, 1, 7417.62, -1478.52, 216.068, 5.18946, 0, 0, 0.520012, -0.854159, 300, 0, 1),
	((@startGameobjectGuid + 215), 192558, 1, 1, 1, 7414.86, -1473.19, 216.068, 5.18946, 0, 0, 0.520012, -0.854159, 300, 0, 1),
	((@startGameobjectGuid + 216), 192558, 1, 1, 1, 7412.1, -1468.44, 215.793, 5.52675, 0, 0, 0.369267, -0.929323, 300, 0, 1),
	((@startGameobjectGuid + 217), 192558, 1, 1, 1, 7411.18, -1468.05, 215.793, 5.87581, 0, 0, 0.202282, -0.979327, 300, 0, 1),
	((@startGameobjectGuid + 218), 192558, 1, 1, 1, 7410.18, -1467.99, 215.793, 6.22488, 0, 0, 0.0291501, -0.999575, 300, 0, 1),
	((@startGameobjectGuid + 219), 192558, 1, 1, 1, 7409.22, -1468.28, 215.793, 6.57394, 0, 0, -0.144867, -0.989451, 300, 0, 1),
	((@startGameobjectGuid + 220), 192558, 1, 1, 1, 7408.42, -1468.87, 215.793, 6.92301, 0, 0, -0.314483, -0.949263, 300, 0, 1),
	((@startGameobjectGuid + 221), 192558, 1, 1, 1, 7407.87, -1469.71, 215.793, 7.27207, 0, 0, -0.474543, -0.880232, 300, 0, 1),
	((@startGameobjectGuid + 222), 192558, 1, 1, 1, 7407.64, -1470.68, 215.793, 7.62114, 0, 0, -0.620184, -0.784456, 300, 0, 1),
	((@startGameobjectGuid + 223), 192558, 1, 1, 1, 7407.76, -1471.67, 215.793, 7.97021, 0, 0, -0.746982, -0.664845, 300, 0, 1),
	((@startGameobjectGuid + 224), 192558, 1, 1, 1, 7408.21, -1472.57, 215.793, 8.31927, 0, 0, -0.851082, -0.525032, 300, 0, 1),
	((@startGameobjectGuid + 225), 192558, 1, 1, 1, 7408.93, -1473.25, 215.793, 8.66834, 0, 0, -0.929323, -0.369267, 300, 0, 1),
	((@startGameobjectGuid + 226), 192558, 1, 1, 1, 7409.38, -1474.15, 215.793, 8.31927, 0, 0, -0.851082, -0.525032, 300, 0, 1),
	((@startGameobjectGuid + 227), 192558, 1, 1, 1, 7409.5, -1475.14, 215.793, 7.97021, 0, 0, -0.746982, -0.664845, 300, 0, 1),
	((@startGameobjectGuid + 228), 192558, 1, 1, 1, 7409.27, -1476.11, 215.793, 7.62114, 0, 0, -0.620184, -0.784456, 300, 0, 1),
	((@startGameobjectGuid + 229), 192558, 1, 1, 1, 7408.72, -1476.95, 215.793, 7.27207, 0, 0, -0.474543, -0.880232, 300, 0, 1),
	((@startGameobjectGuid + 230), 192558, 1, 1, 1, 7407.92, -1477.55, 215.793, 6.92301, 0, 0, -0.314483, -0.949263, 300, 0, 1),
	((@startGameobjectGuid + 231), 192558, 1, 1, 1, 7406.96, -1477.83, 215.793, 6.57394, 0, 0, -0.144867, -0.989451, 300, 0, 1),
	((@startGameobjectGuid + 232), 192558, 1, 1, 1, 7405.96, -1477.77, 215.793, 6.22488, 0, 0, 0.0291501, -0.999575, 300, 0, 1),
	((@startGameobjectGuid + 233), 192558, 1, 1, 1, 7405.04, -1477.38, 215.793, 5.87581, 0, 0, 0.202282, -0.979327, 300, 0, 1),
	((@startGameobjectGuid + 234), 192558, 1, 1, 1, 7404.12, -1476.98, 215.793, 5.87581, 0, 0, 0.202282, -0.979327, 300, 0, 1),
	((@startGameobjectGuid + 235), 192558, 1, 1, 1, 7403.2, -1476.59, 215.793, 5.87581, 0, 0, 0.202282, -0.979327, 300, 0, 1),
	((@startGameobjectGuid + 236), 192558, 1, 1, 1, 7405.04, -1477.38, 215.793, 5.87581, 0, 0, 0.202282, -0.979327, 300, 0, 1),
	((@startGameobjectGuid + 237), 192558, 1, 1, 1, 7404.12, -1476.98, 215.793, 5.87581, 0, 0, 0.202282, -0.979327, 300, 0, 1),
	((@startGameobjectGuid + 238), 192558, 1, 1, 1, 7403.2, -1476.59, 215.793, 5.87581, 0, 0, 0.202282, -0.979327, 300, 0, 1),
	((@startGameobjectGuid + 239), 192558, 1, 1, 1, 7402.29, -1476.19, 215.793, 5.87581, 0, 0, 0.202282, -0.979327, 300, 0, 1),
	((@startGameobjectGuid + 240), 182943, 1, 1, 1, 7399.76, -1475.58, 215.49, 5.9779, 0, 0, 0.152048, -0.988373, 300, 0, 1),
	((@startGameobjectGuid + 241), 182943, 1, 1, 1, 7390.23, -1472.57, 225.49, 5.9779, 0, 0, 0.152048, -0.988373, 300, 0, 1),
	((@startGameobjectGuid + 242), 177724, 1, 1, 1, 7394.09, -1484.85, 235.095, 3.04054, 0, 0, 0.998724, 0.050505, 300, 0, 1),
	((@startGameobjectGuid + 243), 177724, 1, 1, 1, 7395.89, -1485.72, 234.095, 2.69147, 0, 0, 0.974781, 0.223164, 300, 0, 1),
	((@startGameobjectGuid + 244), 177724, 1, 1, 1, 7397.28, -1487.15, 233.095, 2.34241, 0, 0, 0.92122, 0.389043, 300, 0, 1),
	((@startGameobjectGuid + 245), 177724, 1, 1, 1, 7398.1, -1488.97, 232.095, 1.99334, 0, 0, 0.839668, 0.5431, 300, 0, 1),
	((@startGameobjectGuid + 246), 177724, 1, 1, 1, 7398.25, -1490.97, 231.095, 1.64428, 0, 0, 0.732603, 0.680656, 300, 0, 1),
	((@startGameobjectGuid + 247), 177724, 1, 1, 1, 7397.7, -1492.89, 230.095, 1.29521, 0, 0, 0.603278, 0.797531, 300, 0, 1),
	((@startGameobjectGuid + 248), 177724, 1, 1, 1, 7396.54, -1494.52, 229.095, 0.946145, 0, 0, 0.455623, 0.890173, 300, 0, 1),
	((@startGameobjectGuid + 249), 177724, 1, 1, 1, 7394.88, -1495.64, 228.095, 0.597079, 0, 0, 0.294125, 0.955767, 300, 0, 1),
	((@startGameobjectGuid + 250), 177724, 1, 1, 1, 7392.94, -1496.13, 227.095, 0.248013, 0, 0, 0.123689, 0.992321, 300, 0, 1),
	((@startGameobjectGuid + 251), 177724, 1, 1, 1, 7390.95, -1495.93, 226.095, -0.101053, 0, 0, -0.0505049, 0.998724, 300, 0, 1),
	((@startGameobjectGuid + 252), 177724, 1, 1, 1, 7389.15, -1495.06, 225.095, -0.450119, 0, 0, -0.223164, 0.974781, 300, 0, 1),
	((@startGameobjectGuid + 253), 177724, 1, 1, 1, 7387.76, -1493.62, 224.095, -0.799185, 0, 0, -0.389043, 0.92122, 300, 0, 1),
	((@startGameobjectGuid + 254), 177724, 1, 1, 1, 7386.36, -1492.19, 223.095, -0.799185, 0, 0, -0.389043, 0.92122, 300, 0, 1),
	((@startGameobjectGuid + 255), 177724, 1, 1, 1, 7384.97, -1490.76, 222.095, -0.799185, 0, 0, -0.389043, 0.92122, 300, 0, 1),
	((@startGameobjectGuid + 256), 177724, 1, 1, 1, 7383.35, -1489.59, 221.095, -0.624652, 0, 0, -0.307273, 0.951621, 300, 0, 1),
	((@startGameobjectGuid + 257), 177724, 1, 1, 1, 7381.54, -1488.72, 220.095, -0.450119, 0, 0, -0.223164, 0.974781, 300, 0, 1),
	((@startGameobjectGuid + 258), 177724, 1, 1, 1, 7379.62, -1488.17, 219.095, -0.275586, 0, 0, -0.137357, 0.990522, 300, 0, 1),
	((@startGameobjectGuid + 259), 177724, 1, 1, 1, 7377.63, -1487.97, 218.095, -0.101053, 0, 0, -0.0505049, 0.998724, 300, 0, 1),
	((@startGameobjectGuid + 260), 177724, 1, 1, 1, 7375.64, -1488.12, 217.095, 0.07348, 0, 0, 0.0367318, 0.999325, 300, 0, 1),
	((@startGameobjectGuid + 261), 177724, 1, 1, 1, 7373.7, -1488.61, 216.095, 0.248013, 0, 0, 0.123689, 0.992321, 300, 0, 1),
	((@startGameobjectGuid + 262), 177724, 1, 1, 1, 7371.87, -1489.43, 215.095, 0.422546, 0, 0, 0.209705, 0.977765, 300, 0, 1),
	((@startGameobjectGuid + 263), 177724, 1, 1, 1, 7370.22, -1490.55, 214.095, 0.597079, 0, 0, 0.294125, 0.955767, 300, 0, 1),
	((@startGameobjectGuid + 264), 177724, 1, 1, 1, 7368.79, -1491.95, 213.095, 0.771612, 0, 0, 0.376306, 0.926495, 300, 0, 1),
	((@startGameobjectGuid + 265), 177724, 1, 1, 1, 7367.62, -1493.57, 212.095, 0.946145, 0, 0, 0.455623, 0.890173, 300, 0, 1),
	((@startGameobjectGuid + 266), 177724, 1, 1, 1, 7366.75, -1495.37, 211.095, 1.12068, 0, 0, 0.531473, 0.847075, 300, 0, 1),
	((@startGameobjectGuid + 267), 177724, 1, 1, 1, 7366.2, -1497.3, 210.095, 1.29521, 0, 0, 0.603278, 0.797531, 300, 0, 1),
	((@startGameobjectGuid + 268), 177724, 1, 1, 1, 7366, -1499.29, 209.095, 1.46974, 0, 0, 0.670492, 0.741917, 300, 0, 1),
	((@startGameobjectGuid + 269), 177724, 1, 1, 1, 7366.15, -1501.28, 208.095, 1.64428, 0, 0, 0.732603, 0.680656, 300, 0, 1),
	((@startGameobjectGuid + 270), 177724, 1, 1, 1, 7366.64, -1503.22, 207.095, 1.81881, 0, 0, 0.789138, 0.614216, 300, 0, 1),
	((@startGameobjectGuid + 271), 177724, 1, 1, 1, 7367.46, -1505.04, 206.095, 1.99334, 0, 0, 0.839668, 0.5431, 300, 0, 1),
	((@startGameobjectGuid + 272), 177724, 1, 1, 1, 7368.58, -1506.7, 205.095, 2.16788, 0, 0, 0.883807, 0.467852, 300, 0, 1),
	((@startGameobjectGuid + 273), 177724, 1, 1, 1, 7369.98, -1508.13, 204.095, 2.34241, 0, 0, 0.92122, 0.389043, 300, 0, 1),
	((@startGameobjectGuid + 274), 177724, 1, 1, 1, 7371.6, -1509.3, 203.095, 2.51694, 0, 0, 0.951621, 0.307273, 300, 0, 1),
	((@startGameobjectGuid + 275), 193747, 1, 1, 1, 7375.65, -1512.23, 203.095, 2.51694, 0, 0, 0.951621, 0.307273, 300, 0, 1),
	((@startGameobjectGuid + 276), 193747, 1, 1, 1, 7379.71, -1515.15, 203.095, 2.51694, 0, 0, 0.951621, 0.307273, 300, 0, 1),
	((@startGameobjectGuid + 277), 193747, 1, 1, 1, 7383.77, -1518.07, 203.095, 2.51694, 0, 0, 0.951621, 0.307273, 300, 0, 1),
	((@startGameobjectGuid + 278), 193747, 1, 1, 1, 7387.82, -1521, 203.095, 2.51694, 0, 0, 0.951621, 0.307273, 300, 0, 1),
	((@startGameobjectGuid + 279), 193747, 1, 1, 1, 7391.88, -1523.92, 203.095, 2.51694, 0, 0, 0.951621, 0.307273, 300, 0, 1),
	((@startGameobjectGuid + 280), 193747, 1, 1, 1, 7395.93, -1526.85, 203.095, 2.51694, 0, 0, 0.951621, 0.307273, 300, 0, 1),
	((@startGameobjectGuid + 281), 180035, 1, 1, 1, 7404.37, -1532.47, 202.413, 2.59155, 0, 0, 0.96242, 0.271567, 300, 0, 1),
	((@startGameobjectGuid + 282), 180035, 1, 1, 1, 7418.33, -1538.89, 198.533, 16.1043, 0, 0, 0.980425, -0.196891, 300, 0, 1),
	((@startGameobjectGuid + 283), 180035, 1, 1, 1, 7421.04, -1543.1, 197.207, 14.7081, 0, 0, 0.877609, 0.479378, 300, 0, 1),
	((@startGameobjectGuid + 284), 180035, 1, 1, 1, 7417.36, -1546.49, 196.533, 13.3118, 0, 0, 0.364149, 0.931341, 300, 0, 1),
	((@startGameobjectGuid + 285), 180035, 1, 1, 1, 7413.38, -1543.46, 195.533, 11.9155, 0, 0, -0.3197, 0.947519, 300, 0, 1),
	((@startGameobjectGuid + 286), 180035, 1, 1, 1, 7418.33, -1538.89, 198.533, 16.1043, 0, 0, 0.980425, -0.196891, 300, 0, 1),
	((@startGameobjectGuid + 287), 180035, 1, 1, 1, 7420.45, -1540.5, 202.533, 21.6894, 0, 0, -0.988639, -0.150308, 300, 0, 1),
	((@startGameobjectGuid + 288), 180035, 1, 1, 1, 7419.82, -1545.46, 201.533, 20.2931, 0, 0, -0.660725, -0.750628, 300, 0, 1),
	((@startGameobjectGuid + 289), 180035, 1, 1, 1, 7414.82, -1545.7, 200.208, 18.8969, 0, 0, -0.0236508, -0.99972, 300, 0, 1),
	((@startGameobjectGuid + 290), 180035, 1, 1, 1, 7413.72, -1540.82, 199.533, 17.5006, 0, 0, 0.62449, -0.781033, 300, 0, 1),
	((@startGameobjectGuid + 291), 180035, 1, 1, 1, 7418.33, -1538.89, 198.533, 16.1043, 0, 0, 0.980425, -0.196891, 300, 0, 1),
	((@startGameobjectGuid + 292), 180035, 1, 1, 1, 7415.68, -1539.01, 194.207, 10.5193, 0, 0, -0.853958, 0.520342, 300, 0, 1),
	((@startGameobjectGuid + 293), 180035, 1, 1, 1, 7420.45, -1540.5, 193.533, 9.12302, 0, 0, -0.988639, -0.150308, 300, 0, 1),
	((@startGameobjectGuid + 294), 180035, 1, 1, 1, 7419.82, -1545.46, 192.208, 7.72675, 0, 0, -0.660725, -0.750628, 300, 0, 1),
	((@startGameobjectGuid + 295), 180035, 1, 1, 1, 7414.82, -1545.7, 191.533, 6.33049, 0, 0, -0.0236507, -0.99972, 300, 0, 1),
	((@startGameobjectGuid + 296), 180035, 1, 1, 1, 7413.72, -1540.82, 190.533, 4.93423, 0, 0, 0.62449, -0.781033, 300, 0, 1),
	((@startGameobjectGuid + 297), 180035, 1, 1, 1, 7418.33, -1538.89, 189.533, 3.53796, 0, 0, 0.980425, -0.196891, 300, 0, 1),
	((@startGameobjectGuid + 298), 180035, 1, 1, 1, 7421.04, -1543.1, 188.533, 2.1417, 0, 0, 0.877609, 0.479378, 300, 0, 1),
	((@startGameobjectGuid + 299), 180035, 1, 1, 1, 7428.95, -1553.68, 187.053, 2.27522, 0, 0, 0.907633, 0.419765, 300, 0, 1);
    
REPLACE INTO `game_event_gameobject` (`eventEntry`, `guid`) VALUES
	(@eventId, (@startGameobjectGuid + 1)),
    (@eventId, (@startGameobjectGuid + 2)),
    (@eventId, (@startGameobjectGuid + 3)),
    (@eventId, (@startGameobjectGuid + 4)),
    (@eventId, (@startGameobjectGuid + 5)),
    (@eventId, (@startGameobjectGuid + 6)),
    (@eventId, (@startGameobjectGuid + 7)),
    (@eventId, (@startGameobjectGuid + 8)),
    (@eventId, (@startGameobjectGuid + 9)),
    (@eventId, (@startGameobjectGuid + 10)),
    (@eventId, (@startGameobjectGuid + 11)),
    (@eventId, (@startGameobjectGuid + 12)),
    (@eventId, (@startGameobjectGuid + 13)),
    (@eventId, (@startGameobjectGuid + 14)),
    (@eventId, (@startGameobjectGuid + 15)),
    (@eventId, (@startGameobjectGuid + 16)),
    (@eventId, (@startGameobjectGuid + 17)),
    (@eventId, (@startGameobjectGuid + 18)),
    (@eventId, (@startGameobjectGuid + 19)),
    (@eventId, (@startGameobjectGuid + 20)),
    (@eventId, (@startGameobjectGuid + 21)),
    (@eventId, (@startGameobjectGuid + 22)),
    (@eventId, (@startGameobjectGuid + 23)),
    (@eventId, (@startGameobjectGuid + 24)),
    (@eventId, (@startGameobjectGuid + 25)),
    (@eventId, (@startGameobjectGuid + 26)),
    (@eventId, (@startGameobjectGuid + 27)),
    (@eventId, (@startGameobjectGuid + 28)),
    (@eventId, (@startGameobjectGuid + 29)),
    (@eventId, (@startGameobjectGuid + 30)),
    (@eventId, (@startGameobjectGuid + 31)),
    (@eventId, (@startGameobjectGuid + 32)),
    (@eventId, (@startGameobjectGuid + 33)),
    (@eventId, (@startGameobjectGuid + 34)),
    (@eventId, (@startGameobjectGuid + 35)),
    (@eventId, (@startGameobjectGuid + 36)),
    (@eventId, (@startGameobjectGuid + 37)),
    (@eventId, (@startGameobjectGuid + 38)),
    (@eventId, (@startGameobjectGuid + 39)),
    (@eventId, (@startGameobjectGuid + 40)),
    (@eventId, (@startGameobjectGuid + 41)),
    (@eventId, (@startGameobjectGuid + 42)),
    (@eventId, (@startGameobjectGuid + 43)),
    (@eventId, (@startGameobjectGuid + 44)),
    (@eventId, (@startGameobjectGuid + 45)),
    (@eventId, (@startGameobjectGuid + 46)),
    (@eventId, (@startGameobjectGuid + 47)),
    (@eventId, (@startGameobjectGuid + 48)),
    (@eventId, (@startGameobjectGuid + 49)),
    (@eventId, (@startGameobjectGuid + 50)),
    (@eventId, (@startGameobjectGuid + 51)),
    (@eventId, (@startGameobjectGuid + 52)),
    (@eventId, (@startGameobjectGuid + 53)),
    (@eventId, (@startGameobjectGuid + 54)),
    (@eventId, (@startGameobjectGuid + 55)),
    (@eventId, (@startGameobjectGuid + 56)),
    (@eventId, (@startGameobjectGuid + 57)),
    (@eventId, (@startGameobjectGuid + 58)),
    (@eventId, (@startGameobjectGuid + 59)),
    (@eventId, (@startGameobjectGuid + 60)),
    (@eventId, (@startGameobjectGuid + 61)),
    (@eventId, (@startGameobjectGuid + 62)),
    (@eventId, (@startGameobjectGuid + 63)),
    (@eventId, (@startGameobjectGuid + 64)),
    (@eventId, (@startGameobjectGuid + 65)),
    (@eventId, (@startGameobjectGuid + 66)),
    (@eventId, (@startGameobjectGuid + 67)),
    (@eventId, (@startGameobjectGuid + 68)),
    (@eventId, (@startGameobjectGuid + 69)),
    (@eventId, (@startGameobjectGuid + 70)),
    (@eventId, (@startGameobjectGuid + 71)),
    (@eventId, (@startGameobjectGuid + 72)),
    (@eventId, (@startGameobjectGuid + 73)),
    (@eventId, (@startGameobjectGuid + 74)),
    (@eventId, (@startGameobjectGuid + 75)),
    (@eventId, (@startGameobjectGuid + 76)),
    (@eventId, (@startGameobjectGuid + 77)),
    (@eventId, (@startGameobjectGuid + 78)),
    (@eventId, (@startGameobjectGuid + 79)),
    (@eventId, (@startGameobjectGuid + 80)),
    (@eventId, (@startGameobjectGuid + 81)),
    (@eventId, (@startGameobjectGuid + 82)),
    (@eventId, (@startGameobjectGuid + 83)),
    (@eventId, (@startGameobjectGuid + 84)),
    (@eventId, (@startGameobjectGuid + 85)),
    (@eventId, (@startGameobjectGuid + 86)),
    (@eventId, (@startGameobjectGuid + 87)),
    (@eventId, (@startGameobjectGuid + 88)),
    (@eventId, (@startGameobjectGuid + 89)),
    (@eventId, (@startGameobjectGuid + 90)),
    (@eventId, (@startGameobjectGuid + 91)),
    (@eventId, (@startGameobjectGuid + 92)),
    (@eventId, (@startGameobjectGuid + 93)),
    (@eventId, (@startGameobjectGuid + 94)),
    (@eventId, (@startGameobjectGuid + 95)),
    (@eventId, (@startGameobjectGuid + 96)),
    (@eventId, (@startGameobjectGuid + 97)),
    (@eventId, (@startGameobjectGuid + 98)),
    (@eventId, (@startGameobjectGuid + 99)),
    (@eventId, (@startGameobjectGuid + 100)),
    (@eventId, (@startGameobjectGuid + 101)),
    (@eventId, (@startGameobjectGuid + 102)),
    (@eventId, (@startGameobjectGuid + 103)),
    (@eventId, (@startGameobjectGuid + 104)),
    (@eventId, (@startGameobjectGuid + 105)),
    (@eventId, (@startGameobjectGuid + 106)),
    (@eventId, (@startGameobjectGuid + 107)),
    (@eventId, (@startGameobjectGuid + 108)),
    (@eventId, (@startGameobjectGuid + 109)),
    (@eventId, (@startGameobjectGuid + 110)),
    (@eventId, (@startGameobjectGuid + 111)),
    (@eventId, (@startGameobjectGuid + 112)),
    (@eventId, (@startGameobjectGuid + 113)),
    (@eventId, (@startGameobjectGuid + 114)),
    (@eventId, (@startGameobjectGuid + 115)),
    (@eventId, (@startGameobjectGuid + 116)),
    (@eventId, (@startGameobjectGuid + 117)),
    (@eventId, (@startGameobjectGuid + 118)),
    (@eventId, (@startGameobjectGuid + 119)),
    (@eventId, (@startGameobjectGuid + 120)),
    (@eventId, (@startGameobjectGuid + 121)),
    (@eventId, (@startGameobjectGuid + 122)),
    (@eventId, (@startGameobjectGuid + 123)),
    (@eventId, (@startGameobjectGuid + 124)),
    (@eventId, (@startGameobjectGuid + 125)),
    (@eventId, (@startGameobjectGuid + 126)),
    (@eventId, (@startGameobjectGuid + 127)),
    (@eventId, (@startGameobjectGuid + 128)),
    (@eventId, (@startGameobjectGuid + 129)),
    (@eventId, (@startGameobjectGuid + 130)),
    (@eventId, (@startGameobjectGuid + 131)),
    (@eventId, (@startGameobjectGuid + 132)),
    (@eventId, (@startGameobjectGuid + 133)),
    (@eventId, (@startGameobjectGuid + 134)),
    (@eventId, (@startGameobjectGuid + 135)),
    (@eventId, (@startGameobjectGuid + 136)),
    (@eventId, (@startGameobjectGuid + 137)),
    (@eventId, (@startGameobjectGuid + 138)),
    (@eventId, (@startGameobjectGuid + 139)),
    (@eventId, (@startGameobjectGuid + 140)),
    (@eventId, (@startGameobjectGuid + 141)),
    (@eventId, (@startGameobjectGuid + 142)),
    (@eventId, (@startGameobjectGuid + 143)),
    (@eventId, (@startGameobjectGuid + 144)),
    (@eventId, (@startGameobjectGuid + 145)),
    (@eventId, (@startGameobjectGuid + 146)),
    (@eventId, (@startGameobjectGuid + 147)),
    (@eventId, (@startGameobjectGuid + 148)),
    (@eventId, (@startGameobjectGuid + 149)),
    (@eventId, (@startGameobjectGuid + 150)),
    (@eventId, (@startGameobjectGuid + 151)),
    (@eventId, (@startGameobjectGuid + 152)),
    (@eventId, (@startGameobjectGuid + 153)),
    (@eventId, (@startGameobjectGuid + 154)),
    (@eventId, (@startGameobjectGuid + 155)),
    (@eventId, (@startGameobjectGuid + 156)),
    (@eventId, (@startGameobjectGuid + 157)),
    (@eventId, (@startGameobjectGuid + 158)),
    (@eventId, (@startGameobjectGuid + 159)),
    (@eventId, (@startGameobjectGuid + 160)),
    (@eventId, (@startGameobjectGuid + 161)),
    (@eventId, (@startGameobjectGuid + 162)),
    (@eventId, (@startGameobjectGuid + 163)),
    (@eventId, (@startGameobjectGuid + 164)),
    (@eventId, (@startGameobjectGuid + 165)),
    (@eventId, (@startGameobjectGuid + 166)),
    (@eventId, (@startGameobjectGuid + 167)),
    (@eventId, (@startGameobjectGuid + 168)),
    (@eventId, (@startGameobjectGuid + 169)),
    (@eventId, (@startGameobjectGuid + 170)),
    (@eventId, (@startGameobjectGuid + 171)),
    (@eventId, (@startGameobjectGuid + 172)),
    (@eventId, (@startGameobjectGuid + 173)),
    (@eventId, (@startGameobjectGuid + 174)),
    (@eventId, (@startGameobjectGuid + 175)),
    (@eventId, (@startGameobjectGuid + 176)),
    (@eventId, (@startGameobjectGuid + 177)),
    (@eventId, (@startGameobjectGuid + 178)),
    (@eventId, (@startGameobjectGuid + 179)),
    (@eventId, (@startGameobjectGuid + 180)),
    (@eventId, (@startGameobjectGuid + 181)),
    (@eventId, (@startGameobjectGuid + 182)),
    (@eventId, (@startGameobjectGuid + 183)),
    (@eventId, (@startGameobjectGuid + 184)),
    (@eventId, (@startGameobjectGuid + 185)),
    (@eventId, (@startGameobjectGuid + 186)),
    (@eventId, (@startGameobjectGuid + 187)),
    (@eventId, (@startGameobjectGuid + 188)),
    (@eventId, (@startGameobjectGuid + 189)),
    (@eventId, (@startGameobjectGuid + 190)),
    (@eventId, (@startGameobjectGuid + 191)),
    (@eventId, (@startGameobjectGuid + 192)),
    (@eventId, (@startGameobjectGuid + 193)),
    (@eventId, (@startGameobjectGuid + 194)),
    (@eventId, (@startGameobjectGuid + 195)),
    (@eventId, (@startGameobjectGuid + 196)),
    (@eventId, (@startGameobjectGuid + 197)),
    (@eventId, (@startGameobjectGuid + 198)),
    (@eventId, (@startGameobjectGuid + 199)),
    (@eventId, (@startGameobjectGuid + 200)),
    (@eventId, (@startGameobjectGuid + 201)),
    (@eventId, (@startGameobjectGuid + 202)),
    (@eventId, (@startGameobjectGuid + 203)),
    (@eventId, (@startGameobjectGuid + 204)),
    (@eventId, (@startGameobjectGuid + 205)),
    (@eventId, (@startGameobjectGuid + 206)),
    (@eventId, (@startGameobjectGuid + 207)),
    (@eventId, (@startGameobjectGuid + 208)),
    (@eventId, (@startGameobjectGuid + 209)),
    (@eventId, (@startGameobjectGuid + 210)),
    (@eventId, (@startGameobjectGuid + 211)),
    (@eventId, (@startGameobjectGuid + 212)),
    (@eventId, (@startGameobjectGuid + 213)),
    (@eventId, (@startGameobjectGuid + 214)),
    (@eventId, (@startGameobjectGuid + 215)),
    (@eventId, (@startGameobjectGuid + 216)),
    (@eventId, (@startGameobjectGuid + 217)),
    (@eventId, (@startGameobjectGuid + 218)),
    (@eventId, (@startGameobjectGuid + 219)),
    (@eventId, (@startGameobjectGuid + 220)),
    (@eventId, (@startGameobjectGuid + 221)),
    (@eventId, (@startGameobjectGuid + 222)),
    (@eventId, (@startGameobjectGuid + 223)),
    (@eventId, (@startGameobjectGuid + 224)),
    (@eventId, (@startGameobjectGuid + 225)),
    (@eventId, (@startGameobjectGuid + 226)),
    (@eventId, (@startGameobjectGuid + 227)),
    (@eventId, (@startGameobjectGuid + 228)),
    (@eventId, (@startGameobjectGuid + 229)),
    (@eventId, (@startGameobjectGuid + 230)),
    (@eventId, (@startGameobjectGuid + 231)),
    (@eventId, (@startGameobjectGuid + 232)),
    (@eventId, (@startGameobjectGuid + 233)),
    (@eventId, (@startGameobjectGuid + 234)),
    (@eventId, (@startGameobjectGuid + 235)),
    (@eventId, (@startGameobjectGuid + 236)),
    (@eventId, (@startGameobjectGuid + 237)),
    (@eventId, (@startGameobjectGuid + 238)),
    (@eventId, (@startGameobjectGuid + 239)),
    (@eventId, (@startGameobjectGuid + 240)),
    (@eventId, (@startGameobjectGuid + 241)),
    (@eventId, (@startGameobjectGuid + 242)),
    (@eventId, (@startGameobjectGuid + 243)),
    (@eventId, (@startGameobjectGuid + 244)),
    (@eventId, (@startGameobjectGuid + 245)),
    (@eventId, (@startGameobjectGuid + 246)),
    (@eventId, (@startGameobjectGuid + 247)),
    (@eventId, (@startGameobjectGuid + 248)),
    (@eventId, (@startGameobjectGuid + 249)),
    (@eventId, (@startGameobjectGuid + 250)),
    (@eventId, (@startGameobjectGuid + 251)),
    (@eventId, (@startGameobjectGuid + 252)),
    (@eventId, (@startGameobjectGuid + 253)),
    (@eventId, (@startGameobjectGuid + 254)),
    (@eventId, (@startGameobjectGuid + 255)),
    (@eventId, (@startGameobjectGuid + 256)),
    (@eventId, (@startGameobjectGuid + 257)),
    (@eventId, (@startGameobjectGuid + 258)),
    (@eventId, (@startGameobjectGuid + 259)),
    (@eventId, (@startGameobjectGuid + 260)),
    (@eventId, (@startGameobjectGuid + 261)),
    (@eventId, (@startGameobjectGuid + 262)),
    (@eventId, (@startGameobjectGuid + 263)),
    (@eventId, (@startGameobjectGuid + 264)),
    (@eventId, (@startGameobjectGuid + 265)),
    (@eventId, (@startGameobjectGuid + 266)),
    (@eventId, (@startGameobjectGuid + 267)),
    (@eventId, (@startGameobjectGuid + 268)),
    (@eventId, (@startGameobjectGuid + 269)),
    (@eventId, (@startGameobjectGuid + 270)),
    (@eventId, (@startGameobjectGuid + 271)),
    (@eventId, (@startGameobjectGuid + 272)),
    (@eventId, (@startGameobjectGuid + 273)),
    (@eventId, (@startGameobjectGuid + 274)),
    (@eventId, (@startGameobjectGuid + 275)),
    (@eventId, (@startGameobjectGuid + 276)),
    (@eventId, (@startGameobjectGuid + 277)),
    (@eventId, (@startGameobjectGuid + 278)),
    (@eventId, (@startGameobjectGuid + 279)),
    (@eventId, (@startGameobjectGuid + 280)),
    (@eventId, (@startGameobjectGuid + 281)),
    (@eventId, (@startGameobjectGuid + 282)),
    (@eventId, (@startGameobjectGuid + 283)),
    (@eventId, (@startGameobjectGuid + 284)),
    (@eventId, (@startGameobjectGuid + 285)),
    (@eventId, (@startGameobjectGuid + 286)),
    (@eventId, (@startGameobjectGuid + 287)),
    (@eventId, (@startGameobjectGuid + 288)),
    (@eventId, (@startGameobjectGuid + 289)),
    (@eventId, (@startGameobjectGuid + 290)),
    (@eventId, (@startGameobjectGuid + 291)),
    (@eventId, (@startGameobjectGuid + 292)),
    (@eventId, (@startGameobjectGuid + 293)),
    (@eventId, (@startGameobjectGuid + 294)),
    (@eventId, (@startGameobjectGuid + 295)),
    (@eventId, (@startGameobjectGuid + 296)),
    (@eventId, (@startGameobjectGuid + 297)),
    (@eventId, (@startGameobjectGuid + 298)),
    (@eventId, (@startGameobjectGuid + 299));

REPLACE INTO `sector_table_entry` (`id`, `mapId`, `areaIds`, `flags`, `team`, `event`, `bounds`, `name`) VALUES
    (@sectorId, 1, '', 17, 0, @eventId, '(7498.653809 -1698.389526,7620.236816 -1588.508179,7625.926758 -1472.982788,7463.154785 -1408.525024,7274.338379 -1351.162476,7194.191406 -1591.932983,7291.342773 -1699.418701,7413.133301 -1779.009399,7498.653809 -1698.389526)', @sectorDescription);